{
    "n_rows": 200,
    "n_features": 2,
    "cv_r2_scores": [
        0.9078797802624651,
        0.9029568671102337,
        0.8889312782698888,
        0.9042986338515939,
        0.8814061713447523
    ],
    "cv_r2_mean": 0.8970945461677868,
    "cv_rmse": 1.662640293781679
}