{
    "n_rows": 20,
    "n_features": 2,
    "cv_r2_scores": [
        0.9387098237077887,
        0.7143791490210962,
        0.9877184213023115,
        0.983447070165918,
        0.9460283960943878
    ],
    "cv_r2_mean": 0.9140565720583004,
    "cv_rmse": 1305.7093884103215
}