{
    "n_rows": 30,
    "n_features": 1,
    "cv_r2_scores": [
        0.9024461774180499,
        0.9684632489096744,
        0.9162148769970454,
        0.9816185070770408,
        0.843335516615754
    ],
    "cv_r2_mean": 0.9224156654035129,
    "cv_rmse": 5811.684542790856
}